"RowNr","NoteNr","TimeStamp","Pitch","Velocity","Key_OnOff","Device","Tempo","SubNr","BlockNr","TrialNr","Skill","Condition","Image"
"12857","55","17565","79","64","0","2","110","4","3","1","dynamics","teaching","1_t_stim_d.png"
"12859","57","17832","78","64","0","2","110","4","3","1","dynamics","teaching","1_t_stim_d.png"
"12861","59","18115","79","64","0","2","110","4","3","1","dynamics","teaching","1_t_stim_d.png"
"12862","60","18331","76","64","0","2","110","4","3","1","dynamics","teaching","1_t_stim_d.png"
"12864","62","18537","72","64","0","2","110","4","3","1","dynamics","teaching","1_t_stim_d.png"
"12866","64","18658","67","64","0","2","110","4","3","1","dynamics","teaching","1_t_stim_d.png"
"12868","66","18908","67","64","0","2","110","4","3","1","dynamics","teaching","1_t_stim_d.png"
"12870","68","19184","67","64","0","2","110","4","3","1","dynamics","teaching","1_t_stim_d.png"
"12873","71","19685","79","64","0","2","110","4","3","1","dynamics","teaching","1_t_stim_d.png"
"12875","73","19957","78","64","0","2","110","4","3","1","dynamics","teaching","1_t_stim_d.png"
"12877","75","20196","79","64","0","2","110","4","3","1","dynamics","teaching","1_t_stim_d.png"
"12879","77","20476","76","64","0","2","110","4","3","1","dynamics","teaching","1_t_stim_d.png"
"12881","79","20742","72","64","0","2","110","4","3","1","dynamics","teaching","1_t_stim_d.png"
"12883","81","21051","76","64","0","2","110","4","3","1","dynamics","teaching","1_t_stim_d.png"
"12885","83","21244","79","64","0","2","110","4","3","1","dynamics","teaching","1_t_stim_d.png"
"12887","85","21537","84","64","0","2","110","4","3","1","dynamics","teaching","1_t_stim_d.png"
"12888","86","21637","83","64","0","2","110","4","3","1","dynamics","teaching","1_t_stim_d.png"
"12890","88","21832","81","64","0","2","110","4","3","1","dynamics","teaching","1_t_stim_d.png"
"12892","90","22105","81","64","0","2","110","4","3","1","dynamics","teaching","1_t_stim_d.png"
"12894","92","22392","81","64","0","2","110","4","3","1","dynamics","teaching","1_t_stim_d.png"
"12897","95","22889","83","64","0","2","110","4","3","1","dynamics","teaching","1_t_stim_d.png"
"12899","97","23127","81","64","0","2","110","4","3","1","dynamics","teaching","1_t_stim_d.png"
"12901","99","23403","84","64","0","2","110","4","3","1","dynamics","teaching","1_t_stim_d.png"
"12902","100","23603","81","64","0","2","110","4","3","1","dynamics","teaching","1_t_stim_d.png"
"12905","103","23895","78","64","0","2","110","4","3","1","dynamics","teaching","1_t_stim_d.png"
"12906","104","24026","79","64","0","2","110","4","3","1","dynamics","teaching","1_t_stim_d.png"
"12908","106","24607","79","64","0","2","110","4","3","1","dynamics","teaching","1_t_stim_d.png"
"12910","108","25407","79","64","0","2","110","4","3","1","dynamics","teaching","1_t_stim_d.png"
"12912","110","25894","77","64","0","2","110","4","3","1","dynamics","teaching","1_t_stim_d.png"
"12914","112","26161","77","64","0","2","110","4","3","1","dynamics","teaching","1_t_stim_d.png"
"12916","114","26429","76","64","0","2","110","4","3","1","dynamics","teaching","1_t_stim_d.png"
"12918","116","26700","76","64","0","2","110","4","3","1","dynamics","teaching","1_t_stim_d.png"
"12920","118","27493","74","64","0","2","110","4","3","1","dynamics","teaching","1_t_stim_d.png"
"12922","120","28480","79","64","0","2","110","4","3","1","dynamics","teaching","1_t_stim_d.png"
"12924","122","29019","77","64","0","2","110","4","3","1","dynamics","teaching","1_t_stim_d.png"
"12926","124","29203","76","64","0","2","110","4","3","1","dynamics","teaching","1_t_stim_d.png"
"12928","126","29450","76","64","0","2","110","4","3","1","dynamics","teaching","1_t_stim_d.png"
"12930","128","29701","76","64","0","2","110","4","3","1","dynamics","teaching","1_t_stim_d.png"
"12932","130","29978","76","64","0","2","110","4","3","1","dynamics","teaching","1_t_stim_d.png"
"12935","133","30516","81","64","0","2","110","4","3","1","dynamics","teaching","1_t_stim_d.png"
"12937","135","30739","77","64","0","2","110","4","3","1","dynamics","teaching","1_t_stim_d.png"
"12939","137","31003","76","64","0","2","110","4","3","1","dynamics","teaching","1_t_stim_d.png"
"12941","139","31289","74","64","0","2","110","4","3","1","dynamics","teaching","1_t_stim_d.png"
"12943","141","31543","76","64","0","2","110","4","3","1","dynamics","teaching","1_t_stim_d.png"
"12945","143","31856","79","64","0","2","110","4","3","1","dynamics","teaching","1_t_stim_d.png"
"12946","144","32046","74","64","0","2","110","4","3","1","dynamics","teaching","1_t_stim_d.png"
"12948","146","32179","71","64","0","2","110","4","3","1","dynamics","teaching","1_t_stim_d.png"
"12950","148","32346","72","64","0","2","110","4","3","1","dynamics","teaching","1_t_stim_d.png"
"12952","150","32627","72","64","0","2","110","4","3","1","dynamics","teaching","1_t_stim_d.png"
"12954","152","32887","74","64","0","2","110","4","3","1","dynamics","teaching","1_t_stim_d.png"
"12956","154","33166","74","64","0","2","110","4","3","1","dynamics","teaching","1_t_stim_d.png"
"12958","156","33912","76","64","0","2","110","4","3","1","dynamics","teaching","1_t_stim_d.png"
"12960","158","34562","65","64","0","2","110","4","3","1","dynamics","teaching","1_t_stim_d.png"
"12962","160","34823","65","64","0","2","110","4","3","1","dynamics","teaching","1_t_stim_d.png"
"12964","162","35094","64","64","0","2","110","4","3","1","dynamics","teaching","1_t_stim_d.png"
"12966","164","35361","64","64","0","2","110","4","3","1","dynamics","teaching","1_t_stim_d.png"
"12968","166","36175","62","64","0","2","110","4","3","1","dynamics","teaching","1_t_stim_d.png"
"12970","168","36734","67","64","0","2","110","4","3","1","dynamics","teaching","1_t_stim_d.png"
"12972","170","36988","67","64","0","2","110","4","3","1","dynamics","teaching","1_t_stim_d.png"
"12974","172","37259","71","64","0","2","110","4","3","1","dynamics","teaching","1_t_stim_d.png"
"12976","174","37537","71","64","0","2","110","4","3","1","dynamics","teaching","1_t_stim_d.png"
"12978","176","37818","72","64","0","2","110","4","3","1","dynamics","teaching","1_t_stim_d.png"
"12980","178","38088","72","64","0","2","110","4","3","1","dynamics","teaching","1_t_stim_d.png"
"12982","180","38352","73","64","0","2","110","4","3","1","dynamics","teaching","1_t_stim_d.png"
"12984","182","38619","73","64","0","2","110","4","3","1","dynamics","teaching","1_t_stim_d.png"
"12987","185","39474","74","64","0","2","110","4","3","1","dynamics","teaching","1_t_stim_d.png"
"12989","187","40030","77","64","0","2","110","4","3","1","dynamics","teaching","1_t_stim_d.png"
"12991","189","40587","76","64","0","2","110","4","3","1","dynamics","teaching","1_t_stim_d.png"
"12992","190","41107","74","64","0","2","110","4","3","1","dynamics","teaching","1_t_stim_d.png"
"12994","192","41629","72","64","0","2","110","4","3","1","dynamics","teaching","1_t_stim_d.png"
"12996","194","42170","84","64","0","2","110","4","3","1","dynamics","teaching","1_t_stim_d.png"
"12998","196","42979","84","64","0","2","110","4","3","1","dynamics","teaching","1_t_stim_d.png"
"1","19","7345","79","64","0","2","120","1","2","3","dynamics","teaching","3_t_stim_d.png"
"2","21","7616","78","64","0","2","120","1","2","3","dynamics","teaching","3_t_stim_d.png"
"3","23","7864","79","64","0","2","120","1","2","3","dynamics","teaching","3_t_stim_d.png"
"4","25","8084","76","64","0","2","120","1","2","3","dynamics","teaching","3_t_stim_d.png"
"5","27","8303","72","64","0","2","120","1","2","3","dynamics","teaching","3_t_stim_d.png"
"6","28","8352","67","64","0","2","120","1","2","3","dynamics","teaching","3_t_stim_d.png"
"7","30","8564","67","64","0","2","120","1","2","3","dynamics","teaching","3_t_stim_d.png"
"8","32","8836","67","64","0","2","120","1","2","3","dynamics","teaching","3_t_stim_d.png"
"9","35","9276","79","64","0","2","120","1","2","3","dynamics","teaching","3_t_stim_d.png"
"10","37","9566","78","64","0","2","120","1","2","3","dynamics","teaching","3_t_stim_d.png"
"11","39","9842","79","64","0","2","120","1","2","3","dynamics","teaching","3_t_stim_d.png"
"12","40","9966","76","64","0","2","120","1","2","3","dynamics","teaching","3_t_stim_d.png"
"13","43","10290","72","64","0","2","120","1","2","3","dynamics","teaching","3_t_stim_d.png"
"14","45","10536","76","64","0","2","120","1","2","3","dynamics","teaching","3_t_stim_d.png"
"15","47","10743","79","64","0","2","120","1","2","3","dynamics","teaching","3_t_stim_d.png"
"16","49","11055","84","64","0","2","120","1","2","3","dynamics","teaching","3_t_stim_d.png"
"17","51","11250","83","64","0","2","120","1","2","3","dynamics","teaching","3_t_stim_d.png"
"18","52","11289","81","64","0","2","120","1","2","3","dynamics","teaching","3_t_stim_d.png"
"19","54","11546","81","64","0","2","120","1","2","3","dynamics","teaching","3_t_stim_d.png"
"20","56","11784","81","64","0","2","120","1","2","3","dynamics","teaching","3_t_stim_d.png"
"21","59","12287","83","64","0","2","120","1","2","3","dynamics","teaching","3_t_stim_d.png"
"22","61","12492","81","64","0","2","120","1","2","3","dynamics","teaching","3_t_stim_d.png"
"23","63","12802","84","64","0","2","120","1","2","3","dynamics","teaching","3_t_stim_d.png"
"24","66","12966","81","64","0","2","120","1","2","3","dynamics","teaching","3_t_stim_d.png"
"25","69","13250","78","64","0","2","120","1","2","3","dynamics","teaching","3_t_stim_d.png"
"26","70","13340","79","64","0","2","120","1","2","3","dynamics","teaching","3_t_stim_d.png"
"27","72","13849","79","64","0","2","120","1","2","3","dynamics","teaching","3_t_stim_d.png"
"28","74","14749","79","64","0","2","120","1","2","3","dynamics","teaching","3_t_stim_d.png"
"29","76","15191","77","64","0","2","120","1","2","3","dynamics","teaching","3_t_stim_d.png"
"30","79","15575","77","64","0","2","120","1","2","3","dynamics","teaching","3_t_stim_d.png"
"31","80","15673","76","64","0","2","120","1","2","3","dynamics","teaching","3_t_stim_d.png"
"32","83","16077","76","64","0","2","120","1","2","3","dynamics","teaching","3_t_stim_d.png"
"33","84","16810","74","64","0","2","120","1","2","3","dynamics","teaching","3_t_stim_d.png"
"34","87","17633","79","64","0","2","120","1","2","3","dynamics","teaching","3_t_stim_d.png"
"35","89","18116","77","64","0","2","120","1","2","3","dynamics","teaching","3_t_stim_d.png"
"36","90","18219","76","64","0","2","120","1","2","3","dynamics","teaching","3_t_stim_d.png"
"37","92","18441","76","64","0","2","120","1","2","3","dynamics","teaching","3_t_stim_d.png"
"38","94","18679","76","64","0","2","120","1","2","3","dynamics","teaching","3_t_stim_d.png"
"39","96","18942","76","64","0","2","120","1","2","3","dynamics","teaching","3_t_stim_d.png"
"40","100","NA","81","64","0","2","120","1","2","3","dynamics","teaching","3_t_stim_d.png"
"41","102","NA","77","64","0","2","120","1","2","3","dynamics","teaching","3_t_stim_d.png"
"42","104","NA","76","64","0","2","120","1","2","3","dynamics","teaching","3_t_stim_d.png"
"43","105","NA","74","64","0","2","120","1","2","3","dynamics","teaching","3_t_stim_d.png"
"44","107","20346","76","64","0","2","120","1","2","3","dynamics","teaching","3_t_stim_d.png"
"45","110","20782","79","64","0","2","120","1","2","3","dynamics","teaching","3_t_stim_d.png"
"46","111","20811","74","64","0","2","120","1","2","3","dynamics","teaching","3_t_stim_d.png"
"47","113","21029","71","64","0","2","120","1","2","3","dynamics","teaching","3_t_stim_d.png"
"48","114","21116","72","64","0","2","120","1","2","3","dynamics","teaching","3_t_stim_d.png"
"49","116","21356","72","64","0","2","120","1","2","3","dynamics","teaching","3_t_stim_d.png"
"50","118","21542","74","64","0","2","120","1","2","3","dynamics","teaching","3_t_stim_d.png"
"51","120","21822","74","64","0","2","120","1","2","3","dynamics","teaching","3_t_stim_d.png"
"52","122","22650","76","64","0","2","120","1","2","3","dynamics","teaching","3_t_stim_d.png"
"53","124","23214","65","64","0","2","120","1","2","3","dynamics","teaching","3_t_stim_d.png"
"54","127","23609","65","64","0","2","120","1","2","3","dynamics","teaching","3_t_stim_d.png"
"55","128","23684","64","64","0","2","120","1","2","3","dynamics","teaching","3_t_stim_d.png"
"56","131","24094","64","64","0","2","120","1","2","3","dynamics","teaching","3_t_stim_d.png"
"57","132","24604","62","64","0","2","120","1","2","3","dynamics","teaching","3_t_stim_d.png"
"58","134","25145","67","64","0","2","120","1","2","3","dynamics","teaching","3_t_stim_d.png"
"59","137","25512","67","64","0","2","120","1","2","3","dynamics","teaching","3_t_stim_d.png"
"60","138","25643","71","64","0","2","120","1","2","3","dynamics","teaching","3_t_stim_d.png"
"61","141","26005","71","64","0","2","120","1","2","3","dynamics","teaching","3_t_stim_d.png"
"62","142","26099","72","64","0","2","120","1","2","3","dynamics","teaching","3_t_stim_d.png"
"63","145","26512","72","64","0","2","120","1","2","3","dynamics","teaching","3_t_stim_d.png"
"64","146","26611","73","64","0","2","120","1","2","3","dynamics","teaching","3_t_stim_d.png"
"65","149","26966","73","64","0","2","120","1","2","3","dynamics","teaching","3_t_stim_d.png"
"66","151","27477","74","64","0","2","120","1","2","3","dynamics","teaching","3_t_stim_d.png"
"67","153","27972","77","64","0","2","120","1","2","3","dynamics","teaching","3_t_stim_d.png"
"68","155","28473","76","64","0","2","120","1","2","3","dynamics","teaching","3_t_stim_d.png"
"69","157","28932","74","64","0","2","120","1","2","3","dynamics","teaching","3_t_stim_d.png"
"70","158","29188","72","64","0","2","120","1","2","3","dynamics","teaching","3_t_stim_d.png"
"71","160","29739","84","64","0","2","120","1","2","3","dynamics","teaching","3_t_stim_d.png"
"72","162","30614","84","64","0","2","120","1","2","3","dynamics","teaching","3_t_stim_d.png"
"1","19","7353","79","64","0","2","120","1","4","3","dynamics","performing","3_p_stim_d.png"
"2","21","7614","78","64","0","2","120","1","4","3","dynamics","performing","3_p_stim_d.png"
"3","23","7886","79","64","0","2","120","1","4","3","dynamics","performing","3_p_stim_d.png"
"4","25","8105","76","64","0","2","120","1","4","3","dynamics","performing","3_p_stim_d.png"
"5","27","8284","72","64","0","2","120","1","4","3","dynamics","performing","3_p_stim_d.png"
"6","28","8356","67","64","0","2","120","1","4","3","dynamics","performing","3_p_stim_d.png"
"7","30","8568","67","64","0","2","120","1","4","3","dynamics","performing","3_p_stim_d.png"
"8","32","8834","67","64","0","2","120","1","4","3","dynamics","performing","3_p_stim_d.png"
"9","35","9311","79","64","0","2","120","1","4","3","dynamics","performing","3_p_stim_d.png"
"10","37","9525","78","64","0","2","120","1","4","3","dynamics","performing","3_p_stim_d.png"
"11","40","NA","79","64","0","2","120","1","4","3","dynamics","performing","3_p_stim_d.png"
"12","41","NA","76","64","0","2","120","1","4","3","dynamics","performing","3_p_stim_d.png"
"13","43","10299","72","64","0","2","120","1","4","3","dynamics","performing","3_p_stim_d.png"
"14","45","10627","76","64","0","2","120","1","4","3","dynamics","performing","3_p_stim_d.png"
"15","47","10765","79","64","0","2","120","1","4","3","dynamics","performing","3_p_stim_d.png"
"16","49","10995","84","64","0","2","120","1","4","3","dynamics","performing","3_p_stim_d.png"
"17","51","11183","83","64","0","2","120","1","4","3","dynamics","performing","3_p_stim_d.png"
"18","52","11254","81","64","0","2","120","1","4","3","dynamics","performing","3_p_stim_d.png"
"19","54","11458","81","64","0","2","120","1","4","3","dynamics","performing","3_p_stim_d.png"
"20","56","11718","81","64","0","2","120","1","4","3","dynamics","performing","3_p_stim_d.png"
"21","59","12220","83","64","0","2","120","1","4","3","dynamics","performing","3_p_stim_d.png"
"22","61","12406","81","64","0","2","120","1","4","3","dynamics","performing","3_p_stim_d.png"
"23","64","12849","84","64","0","2","120","1","4","3","dynamics","performing","3_p_stim_d.png"
"24","65","12861","81","64","0","2","120","1","4","3","dynamics","performing","3_p_stim_d.png"
"25","67","13168","78","64","0","2","120","1","4","3","dynamics","performing","3_p_stim_d.png"
"26","68","13237","79","64","0","2","120","1","4","3","dynamics","performing","3_p_stim_d.png"
"27","70","13729","79","64","0","2","120","1","4","3","dynamics","performing","3_p_stim_d.png"
"28","72","14635","79","64","0","2","120","1","4","3","dynamics","performing","3_p_stim_d.png"
"29","74","15143","77","64","0","2","120","1","4","3","dynamics","performing","3_p_stim_d.png"
"30","77","15522","77","64","0","2","120","1","4","3","dynamics","performing","3_p_stim_d.png"
"31","78","15618","76","64","0","2","120","1","4","3","dynamics","performing","3_p_stim_d.png"
"32","81","16036","76","64","0","2","120","1","4","3","dynamics","performing","3_p_stim_d.png"
"33","82","16741","74","64","0","2","120","1","4","3","dynamics","performing","3_p_stim_d.png"
"34","85","17683","79","64","0","2","120","1","4","3","dynamics","performing","3_p_stim_d.png"
"35","87","18023","77","64","0","2","120","1","4","3","dynamics","performing","3_p_stim_d.png"
"36","88","18143","76","64","0","2","120","1","4","3","dynamics","performing","3_p_stim_d.png"
"37","90","18398","76","64","0","2","120","1","4","3","dynamics","performing","3_p_stim_d.png"
"38","92","18655","76","64","0","2","120","1","4","3","dynamics","performing","3_p_stim_d.png"
"39","94","18874","76","64","0","2","120","1","4","3","dynamics","performing","3_p_stim_d.png"
"40","98","NA","81","64","0","2","120","1","4","3","dynamics","performing","3_p_stim_d.png"
"41","100","NA","77","64","0","2","120","1","4","3","dynamics","performing","3_p_stim_d.png"
"42","102","NA","76","64","0","2","120","1","4","3","dynamics","performing","3_p_stim_d.png"
"43","103","19967","74","64","0","2","120","1","4","3","dynamics","performing","3_p_stim_d.png"
"44","105","20227","76","64","0","2","120","1","4","3","dynamics","performing","3_p_stim_d.png"
"45","108","20667","79","64","0","2","120","1","4","3","dynamics","performing","3_p_stim_d.png"
"46","109","20688","74","64","0","2","120","1","4","3","dynamics","performing","3_p_stim_d.png"
"47","111","20905","71","64","0","2","120","1","4","3","dynamics","performing","3_p_stim_d.png"
"48","112","21016","72","64","0","2","120","1","4","3","dynamics","performing","3_p_stim_d.png"
"49","115","21438","72","64","0","2","120","1","4","3","dynamics","performing","3_p_stim_d.png"
"50","116","21516","74","64","0","2","120","1","4","3","dynamics","performing","3_p_stim_d.png"
"51","119","21914","74","64","0","2","120","1","4","3","dynamics","performing","3_p_stim_d.png"
"52","120","22503","76","64","0","2","120","1","4","3","dynamics","performing","3_p_stim_d.png"
"53","122","23095","65","64","0","2","120","1","4","3","dynamics","performing","3_p_stim_d.png"
"54","125","23489","65","64","0","2","120","1","4","3","dynamics","performing","3_p_stim_d.png"
"55","126","23586","64","64","0","2","120","1","4","3","dynamics","performing","3_p_stim_d.png"
"56","129","23994","64","64","0","2","120","1","4","3","dynamics","performing","3_p_stim_d.png"
"57","130","24566","62","64","0","2","120","1","4","3","dynamics","performing","3_p_stim_d.png"
"58","132","25110","67","64","0","2","120","1","4","3","dynamics","performing","3_p_stim_d.png"
"59","135","25480","67","64","0","2","120","1","4","3","dynamics","performing","3_p_stim_d.png"
"60","136","25590","71","64","0","2","120","1","4","3","dynamics","performing","3_p_stim_d.png"
"61","139","25944","71","64","0","2","120","1","4","3","dynamics","performing","3_p_stim_d.png"
"62","140","26075","72","64","0","2","120","1","4","3","dynamics","performing","3_p_stim_d.png"
"63","143","26460","72","64","0","2","120","1","4","3","dynamics","performing","3_p_stim_d.png"
"64","144","26550","73","64","0","2","120","1","4","3","dynamics","performing","3_p_stim_d.png"
"65","146","26871","73","64","0","2","120","1","4","3","dynamics","performing","3_p_stim_d.png"
"67","151","27464","74","64","0","2","120","1","4","3","dynamics","performing","3_p_stim_d.png"
"68","153","27995","77","64","0","2","120","1","4","3","dynamics","performing","3_p_stim_d.png"
"69","155","28439","76","64","0","2","120","1","4","3","dynamics","performing","3_p_stim_d.png"
"70","157","28965","74","64","0","2","120","1","4","3","dynamics","performing","3_p_stim_d.png"
"71","158","29282","72","64","0","2","120","1","4","3","dynamics","performing","3_p_stim_d.png"
"72","160","29744","84","64","0","2","120","1","4","3","dynamics","performing","3_p_stim_d.png"
"73","162","30564","84","64","0","2","120","1","4","3","dynamics","performing","3_p_stim_d.png"
"1","19","7922","79","64","0","2","120","2","3","6","articulation","teaching","6_t_stim_a.png"
"2","21","8119","78","64","0","2","120","2","3","6","articulation","teaching","6_t_stim_a.png"
"3","23","8357","79","64","0","2","120","2","3","6","articulation","teaching","6_t_stim_a.png"
"4","25","8544","76","64","0","2","120","2","3","6","articulation","teaching","6_t_stim_a.png"
"5","26","8567","72","64","0","2","120","2","3","6","articulation","teaching","6_t_stim_a.png"
"6","28","8783","67","64","0","2","120","2","3","6","articulation","teaching","6_t_stim_a.png"
"7","30","9009","67","64","0","2","120","2","3","6","articulation","teaching","6_t_stim_a.png"
"8","32","9258","67","64","0","2","120","2","3","6","articulation","teaching","6_t_stim_a.png"
"9","35","9641","79","64","0","2","120","2","3","6","articulation","teaching","6_t_stim_a.png"
"10","37","9815","78","64","0","2","120","2","3","6","articulation","teaching","6_t_stim_a.png"
"11","39","10063","79","64","0","2","120","2","3","6","articulation","teaching","6_t_stim_a.png"
"12","40","10214","76","64","0","2","120","2","3","6","articulation","teaching","6_t_stim_a.png"
"13","43","10489","72","64","0","2","120","2","3","6","articulation","teaching","6_t_stim_a.png"
"14","45","10696","76","64","0","2","120","2","3","6","articulation","teaching","6_t_stim_a.png"
"15","47","10875","79","64","0","2","120","2","3","6","articulation","teaching","6_t_stim_a.png"
"16","49","11105","84","64","0","2","120","2","3","6","articulation","teaching","6_t_stim_a.png"
"17","50","11110","83","64","0","2","120","2","3","6","articulation","teaching","6_t_stim_a.png"
"18","52","11313","81","64","0","2","120","2","3","6","articulation","teaching","6_t_stim_a.png"
"19","54","11536","81","64","0","2","120","2","3","6","articulation","teaching","6_t_stim_a.png"
"20","56","11763","81","64","0","2","120","2","3","6","articulation","teaching","6_t_stim_a.png"
"21","59","12171","83","64","0","2","120","2","3","6","articulation","teaching","6_t_stim_a.png"
"22","61","12362","81","64","0","2","120","2","3","6","articulation","teaching","6_t_stim_a.png"
"23","63","12617","84","64","0","2","120","2","3","6","articulation","teaching","6_t_stim_a.png"
"24","65","12843","81","64","0","2","120","2","3","6","articulation","teaching","6_t_stim_a.png"
"25","66","12870","78","64","0","2","120","2","3","6","articulation","teaching","6_t_stim_a.png"
"26","68","13088","79","64","0","2","120","2","3","6","articulation","teaching","6_t_stim_a.png"
"27","70","13605","79","64","0","2","120","2","3","6","articulation","teaching","6_t_stim_a.png"
"28","72","14110","79","64","0","2","120","2","3","6","articulation","teaching","6_t_stim_a.png"
"29","74","14623","77","64","0","2","120","2","3","6","articulation","teaching","6_t_stim_a.png"
"30","76","14836","77","64","0","2","120","2","3","6","articulation","teaching","6_t_stim_a.png"
"31","78","15038","76","64","0","2","120","2","3","6","articulation","teaching","6_t_stim_a.png"
"32","80","15257","76","64","0","2","120","2","3","6","articulation","teaching","6_t_stim_a.png"
"33","82","15978","74","64","0","2","120","2","3","6","articulation","teaching","6_t_stim_a.png"
"34","84","16366","79","64","0","2","120","2","3","6","articulation","teaching","6_t_stim_a.png"
"35","86","NA","77","64","0","2","120","2","3","6","articulation","teaching","6_t_stim_a.png"
"36","88","NA","76","64","0","2","120","2","3","6","articulation","teaching","6_t_stim_a.png"
"37","90","NA","76","64","0","2","120","2","3","6","articulation","teaching","6_t_stim_a.png"
"38","92","17196","76","64","0","2","120","2","3","6","articulation","teaching","6_t_stim_a.png"
"39","94","17384","76","64","0","2","120","2","3","6","articulation","teaching","6_t_stim_a.png"
"40","96","18176","81","64","0","2","120","2","3","6","articulation","teaching","6_t_stim_a.png"
"42","101","18832","77","64","0","2","120","2","3","6","articulation","teaching","6_t_stim_a.png"
"43","102","19030","76","64","0","2","120","2","3","6","articulation","teaching","6_t_stim_a.png"
"44","104","19189","74","64","0","2","120","2","3","6","articulation","teaching","6_t_stim_a.png"
"45","106","19436","76","64","0","2","120","2","3","6","articulation","teaching","6_t_stim_a.png"
"46","109","19676","79","64","0","2","120","2","3","6","articulation","teaching","6_t_stim_a.png"
"47","110","19850","74","64","0","2","120","2","3","6","articulation","teaching","6_t_stim_a.png"
"48","112","19906","71","64","0","2","120","2","3","6","articulation","teaching","6_t_stim_a.png"
"49","114","20105","72","64","0","2","120","2","3","6","articulation","teaching","6_t_stim_a.png"
"50","116","20307","72","64","0","2","120","2","3","6","articulation","teaching","6_t_stim_a.png"
"51","118","20508","74","64","0","2","120","2","3","6","articulation","teaching","6_t_stim_a.png"
"52","120","20726","74","64","0","2","120","2","3","6","articulation","teaching","6_t_stim_a.png"
"53","122","21305","76","64","0","2","120","2","3","6","articulation","teaching","6_t_stim_a.png"
"54","124","21790","65","64","0","2","120","2","3","6","articulation","teaching","6_t_stim_a.png"
"55","126","22007","65","64","0","2","120","2","3","6","articulation","teaching","6_t_stim_a.png"
"56","128","22214","64","64","0","2","120","2","3","6","articulation","teaching","6_t_stim_a.png"
"57","130","22427","64","64","0","2","120","2","3","6","articulation","teaching","6_t_stim_a.png"
"58","132","23021","62","64","0","2","120","2","3","6","articulation","teaching","6_t_stim_a.png"
"59","134","23533","67","64","0","2","120","2","3","6","articulation","teaching","6_t_stim_a.png"
"60","136","23753","67","64","0","2","120","2","3","6","articulation","teaching","6_t_stim_a.png"
"61","138","23953","71","64","0","2","120","2","3","6","articulation","teaching","6_t_stim_a.png"
"62","140","24159","71","64","0","2","120","2","3","6","articulation","teaching","6_t_stim_a.png"
"63","142","24364","72","64","0","2","120","2","3","6","articulation","teaching","6_t_stim_a.png"
"64","144","24600","72","64","0","2","120","2","3","6","articulation","teaching","6_t_stim_a.png"
"65","146","24808","73","64","0","2","120","2","3","6","articulation","teaching","6_t_stim_a.png"
"66","148","25029","73","64","0","2","120","2","3","6","articulation","teaching","6_t_stim_a.png"
"67","150","25562","74","64","0","2","120","2","3","6","articulation","teaching","6_t_stim_a.png"
"68","152","26024","77","64","0","2","120","2","3","6","articulation","teaching","6_t_stim_a.png"
"69","154","26484","76","64","0","2","120","2","3","6","articulation","teaching","6_t_stim_a.png"
"70","156","26934","74","64","0","2","120","2","3","6","articulation","teaching","6_t_stim_a.png"
"71","158","27346","72","64","0","2","120","2","3","6","articulation","teaching","6_t_stim_a.png"
"72","160","27845","84","64","0","2","120","2","3","6","articulation","teaching","6_t_stim_a.png"
"73","162","28482","84","64","0","2","120","2","3","6","articulation","teaching","6_t_stim_a.png"
"1","19","7335","79","64","0","2","120","8","4","2","articulation","teaching","2_t_stim_a.png"
"2","21","7524","78","64","0","2","120","8","4","2","articulation","teaching","2_t_stim_a.png"
"3","23","7751","79","64","0","2","120","8","4","2","articulation","teaching","2_t_stim_a.png"
"4","25","NA","76","64","0","2","120","8","4","2","articulation","teaching","2_t_stim_a.png"
"5","26","NA","72","64","0","2","120","8","4","2","articulation","teaching","2_t_stim_a.png"
"6","28","8175","67","64","0","2","120","8","4","2","articulation","teaching","2_t_stim_a.png"
"7","30","8402","67","64","0","2","120","8","4","2","articulation","teaching","2_t_stim_a.png"
"8","32","8669","67","64","0","2","120","8","4","2","articulation","teaching","2_t_stim_a.png"
"9","35","9062","79","64","0","2","120","8","4","2","articulation","teaching","2_t_stim_a.png"
"10","37","9257","78","64","0","2","120","8","4","2","articulation","teaching","2_t_stim_a.png"
"11","39","9477","79","64","0","2","120","8","4","2","articulation","teaching","2_t_stim_a.png"
"12","41","9690","76","64","0","2","120","8","4","2","articulation","teaching","2_t_stim_a.png"
"13","43","9917","72","64","0","2","120","8","4","2","articulation","teaching","2_t_stim_a.png"
"14","45","10172","76","64","0","2","120","8","4","2","articulation","teaching","2_t_stim_a.png"
"15","47","10359","79","64","0","2","120","8","4","2","articulation","teaching","2_t_stim_a.png"
"16","48","10545","84","64","0","2","120","8","4","2","articulation","teaching","2_t_stim_a.png"
"17","50","10630","83","64","0","2","120","8","4","2","articulation","teaching","2_t_stim_a.png"
"18","52","10824","81","64","0","2","120","8","4","2","articulation","teaching","2_t_stim_a.png"
"19","54","11043","81","64","0","2","120","8","4","2","articulation","teaching","2_t_stim_a.png"
"20","56","11299","81","64","0","2","120","8","4","2","articulation","teaching","2_t_stim_a.png"
"21","59","11695","83","64","0","2","120","8","4","2","articulation","teaching","2_t_stim_a.png"
"22","61","11904","81","64","0","2","120","8","4","2","articulation","teaching","2_t_stim_a.png"
"23","63","12134","84","64","0","2","120","8","4","2","articulation","teaching","2_t_stim_a.png"
"24","64","12286","81","64","0","2","120","8","4","2","articulation","teaching","2_t_stim_a.png"
"25","67","12533","78","64","0","2","120","8","4","2","articulation","teaching","2_t_stim_a.png"
"26","68","12583","79","64","0","2","120","8","4","2","articulation","teaching","2_t_stim_a.png"
"27","70","12863","79","64","0","2","120","8","4","2","articulation","teaching","2_t_stim_a.png"
"28","72","13767","79","64","0","2","120","8","4","2","articulation","teaching","2_t_stim_a.png"
"29","74","14235","77","64","0","2","120","8","4","2","articulation","teaching","2_t_stim_a.png"
"30","76","14458","77","64","0","2","120","8","4","2","articulation","teaching","2_t_stim_a.png"
"31","78","14677","76","64","0","2","120","8","4","2","articulation","teaching","2_t_stim_a.png"
"32","80","14920","76","64","0","2","120","8","4","2","articulation","teaching","2_t_stim_a.png"
"33","82","15443","74","64","0","2","120","8","4","2","articulation","teaching","2_t_stim_a.png"
"34","84","16393","79","64","0","2","120","8","4","2","articulation","teaching","2_t_stim_a.png"
"35","86","16800","77","64","0","2","120","8","4","2","articulation","teaching","2_t_stim_a.png"
"36","88","16952","76","64","0","2","120","8","4","2","articulation","teaching","2_t_stim_a.png"
"37","90","17178","76","64","0","2","120","8","4","2","articulation","teaching","2_t_stim_a.png"
"38","92","17435","76","64","0","2","120","8","4","2","articulation","teaching","2_t_stim_a.png"
"39","94","17684","76","64","0","2","120","8","4","2","articulation","teaching","2_t_stim_a.png"
"40","97","18077","81","64","0","2","120","8","4","2","articulation","teaching","2_t_stim_a.png"
"41","99","18301","77","64","0","2","120","8","4","2","articulation","teaching","2_t_stim_a.png"
"42","101","18463","76","64","0","2","120","8","4","2","articulation","teaching","2_t_stim_a.png"
"43","102","18685","74","64","0","2","120","8","4","2","articulation","teaching","2_t_stim_a.png"
"44","105","18951","76","64","0","2","120","8","4","2","articulation","teaching","2_t_stim_a.png"
"45","107","19182","79","64","0","2","120","8","4","2","articulation","teaching","2_t_stim_a.png"
"46","108","19322","74","64","0","2","120","8","4","2","articulation","teaching","2_t_stim_a.png"
"47","110","19431","71","64","0","2","120","8","4","2","articulation","teaching","2_t_stim_a.png"
"48","112","19614","72","64","0","2","120","8","4","2","articulation","teaching","2_t_stim_a.png"
"49","114","19840","72","64","0","2","120","8","4","2","articulation","teaching","2_t_stim_a.png"
"50","116","20043","74","64","0","2","120","8","4","2","articulation","teaching","2_t_stim_a.png"
"51","118","20276","74","64","0","2","120","8","4","2","articulation","teaching","2_t_stim_a.png"
"52","120","20888","76","64","0","2","120","8","4","2","articulation","teaching","2_t_stim_a.png"
"53","122","21387","65","64","0","2","120","8","4","2","articulation","teaching","2_t_stim_a.png"
"54","124","21610","65","64","0","2","120","8","4","2","articulation","teaching","2_t_stim_a.png"
"55","126","21823","64","64","0","2","120","8","4","2","articulation","teaching","2_t_stim_a.png"
"56","128","22052","64","64","0","2","120","8","4","2","articulation","teaching","2_t_stim_a.png"
"57","130","22670","62","64","0","2","120","8","4","2","articulation","teaching","2_t_stim_a.png"
"58","132","23270","67","64","0","2","120","8","4","2","articulation","teaching","2_t_stim_a.png"
"59","134","23491","67","64","0","2","120","8","4","2","articulation","teaching","2_t_stim_a.png"
"60","136","23712","71","64","0","2","120","8","4","2","articulation","teaching","2_t_stim_a.png"
"61","138","23966","71","64","0","2","120","8","4","2","articulation","teaching","2_t_stim_a.png"
"62","140","24157","72","64","0","2","120","8","4","2","articulation","teaching","2_t_stim_a.png"
"63","142","24374","72","64","0","2","120","8","4","2","articulation","teaching","2_t_stim_a.png"
"64","144","24580","73","64","0","2","120","8","4","2","articulation","teaching","2_t_stim_a.png"
"65","146","24822","73","64","0","2","120","8","4","2","articulation","teaching","2_t_stim_a.png"
"67","150","25455","74","64","0","2","120","8","4","2","articulation","teaching","2_t_stim_a.png"
"68","152","25929","77","64","0","2","120","8","4","2","articulation","teaching","2_t_stim_a.png"
"69","154","26445","76","64","0","2","120","8","4","2","articulation","teaching","2_t_stim_a.png"
"70","156","26883","74","64","0","2","120","8","4","2","articulation","teaching","2_t_stim_a.png"
"71","158","27200","72","64","0","2","120","8","4","2","articulation","teaching","2_t_stim_a.png"
"72","160","27717","84","64","0","2","120","8","4","2","articulation","teaching","2_t_stim_a.png"
"73","162","28377","84","64","0","2","120","8","4","2","articulation","teaching","2_t_stim_a.png"
"1","18","8108","79","64","0","2","100","10","1","6","articulation","performing","6_p_stim_a.png"
"2","21","8400","78","64","0","2","100","10","1","6","articulation","performing","6_p_stim_a.png"
"3","23","8675","79","64","0","2","100","10","1","6","articulation","performing","6_p_stim_a.png"
"4","25","8967","76","64","0","2","100","10","1","6","articulation","performing","6_p_stim_a.png"
"5","26","9085","72","64","0","2","100","10","1","6","articulation","performing","6_p_stim_a.png"
"6","28","9550","67","64","0","2","100","10","1","6","articulation","performing","6_p_stim_a.png"
"7","30","9864","67","64","0","2","100","10","1","6","articulation","performing","6_p_stim_a.png"
"8",NA,NA,"67",NA,"0","2","100","10","1","6","articulation","performing","6_p_stim_a.png"
"9","33","10358","79","64","0","2","100","10","1","6","articulation","performing","6_p_stim_a.png"
"10","34","10605","78","64","0","2","100","10","1","6","articulation","performing","6_p_stim_a.png"
"11","37","10897","79","64","0","2","100","10","1","6","articulation","performing","6_p_stim_a.png"
"12","38","11170","76","64","0","2","100","10","1","6","articulation","performing","6_p_stim_a.png"
"13","40","11432","72","64","0","2","100","10","1","6","articulation","performing","6_p_stim_a.png"
"14","43","11748","76","64","0","2","100","10","1","6","articulation","performing","6_p_stim_a.png"
"15","45","11998","79","64","0","2","100","10","1","6","articulation","performing","6_p_stim_a.png"
"16","47","12284","84","64","0","2","100","10","1","6","articulation","performing","6_p_stim_a.png"
"17","48","12505","83","64","0","2","100","10","1","6","articulation","performing","6_p_stim_a.png"
"18","50","12614","81","64","0","2","100","10","1","6","articulation","performing","6_p_stim_a.png"
"19","52","12873","81","64","0","2","100","10","1","6","articulation","performing","6_p_stim_a.png"
"20","54","13172","81","64","0","2","100","10","1","6","articulation","performing","6_p_stim_a.png"
"21","57","13665","83","64","0","2","100","10","1","6","articulation","performing","6_p_stim_a.png"
"22","59","13923","81","64","0","2","100","10","1","6","articulation","performing","6_p_stim_a.png"
"23","61","14196","84","64","0","2","100","10","1","6","articulation","performing","6_p_stim_a.png"
"24","63","14530","81","64","0","2","100","10","1","6","articulation","performing","6_p_stim_a.png"
"25","64","14726","78","64","0","2","100","10","1","6","articulation","performing","6_p_stim_a.png"
"26","68","14880","79","64","0","2","100","10","1","6","articulation","performing","6_p_stim_a.png"
"27","70","15132","79","64","0","2","100","10","1","6","articulation","performing","6_p_stim_a.png"
"28","72","16395","79","64","0","2","100","10","1","6","articulation","performing","6_p_stim_a.png"
"29","74","16914","77","64","0","2","100","10","1","6","articulation","performing","6_p_stim_a.png"
"30","76","17193","77","64","0","2","100","10","1","6","articulation","performing","6_p_stim_a.png"
"31","78","17458","76","64","0","2","100","10","1","6","articulation","performing","6_p_stim_a.png"
"32","80","17747","76","64","0","2","100","10","1","6","articulation","performing","6_p_stim_a.png"
"33","82","18672","74","64","0","2","100","10","1","6","articulation","performing","6_p_stim_a.png"
"34","84","19716","79","64","0","2","100","10","1","6","articulation","performing","6_p_stim_a.png"
"35","86","20277","77","64","0","2","100","10","1","6","articulation","performing","6_p_stim_a.png"
"36","88","20371","76","64","0","2","100","10","1","6","articulation","performing","6_p_stim_a.png"
"37","90","20663","76","64","0","2","100","10","1","6","articulation","performing","6_p_stim_a.png"
"38","92","20945","76","64","0","2","100","10","1","6","articulation","performing","6_p_stim_a.png"
"39","94","21224","76","64","0","2","100","10","1","6","articulation","performing","6_p_stim_a.png"
"40","96","21697","81","64","0","2","100","10","1","6","articulation","performing","6_p_stim_a.png"
"41","99","21992","77","64","0","2","100","10","1","6","articulation","performing","6_p_stim_a.png"
"42","100","22261","76","64","0","2","100","10","1","6","articulation","performing","6_p_stim_a.png"
"44","105","22552","74","64","0","2","100","10","1","6","articulation","performing","6_p_stim_a.png"
"45","107","22858","76","64","0","2","100","10","1","6","articulation","performing","6_p_stim_a.png"
"46","109","23113","79","64","0","2","100","10","1","6","articulation","performing","6_p_stim_a.png"
"47","110","23361","74","64","0","2","100","10","1","6","articulation","performing","6_p_stim_a.png"
"48","112","23628","71","64","0","2","100","10","1","6","articulation","performing","6_p_stim_a.png"
"49","114","23750","72","64","0","2","100","10","1","6","articulation","performing","6_p_stim_a.png"
"50","116","24025","72","64","0","2","100","10","1","6","articulation","performing","6_p_stim_a.png"
"51","118","24263","74","64","0","2","100","10","1","6","articulation","performing","6_p_stim_a.png"
"52","120","24570","74","64","0","2","100","10","1","6","articulation","performing","6_p_stim_a.png"
"53","122","25384","76","64","0","2","100","10","1","6","articulation","performing","6_p_stim_a.png"
"54","124","26051","65","64","0","2","100","10","1","6","articulation","performing","6_p_stim_a.png"
"55","126","26317","65","64","0","2","100","10","1","6","articulation","performing","6_p_stim_a.png"
"56","128","26568","64","64","0","2","100","10","1","6","articulation","performing","6_p_stim_a.png"
"57","130","26845","64","64","0","2","100","10","1","6","articulation","performing","6_p_stim_a.png"
"58","132","27782","62","64","0","2","100","10","1","6","articulation","performing","6_p_stim_a.png"
"59","134","28814","67","64","0","2","100","10","1","6","articulation","performing","6_p_stim_a.png"
"60","136","29099","67","64","0","2","100","10","1","6","articulation","performing","6_p_stim_a.png"
"61","138","29366","71","64","0","2","100","10","1","6","articulation","performing","6_p_stim_a.png"
"62","140","29636","71","64","0","2","100","10","1","6","articulation","performing","6_p_stim_a.png"
"63","142","29883","72","64","0","2","100","10","1","6","articulation","performing","6_p_stim_a.png"
"64","144","30183","72","64","0","2","100","10","1","6","articulation","performing","6_p_stim_a.png"
"65","146","30458","73","64","0","2","100","10","1","6","articulation","performing","6_p_stim_a.png"
"66","148","30723","73","64","0","2","100","10","1","6","articulation","performing","6_p_stim_a.png"
"67","151","31511","74","64","0","2","100","10","1","6","articulation","performing","6_p_stim_a.png"
"68","153","32078","77","64","0","2","100","10","1","6","articulation","performing","6_p_stim_a.png"
"69","155","32624","76","64","0","2","100","10","1","6","articulation","performing","6_p_stim_a.png"
"70","157","33189","74","64","0","2","100","10","1","6","articulation","performing","6_p_stim_a.png"
"71","158","33349","72","64","0","2","100","10","1","6","articulation","performing","6_p_stim_a.png"
"72","160","33869","84","64","0","2","100","10","1","6","articulation","performing","6_p_stim_a.png"
"73","162","34912","84","64","0","2","100","10","1","6","articulation","performing","6_p_stim_a.png"
"1","19","9449","79","64","0","2","110","15","3","5","dynamics","performing","5_p_stim_d.png"
"2","21","9651","78","64","0","2","110","15","3","5","dynamics","performing","5_p_stim_d.png"
"3","22","9671","79","64","0","2","110","15","3","5","dynamics","performing","5_p_stim_d.png"
"4","24","9915","76","64","0","2","110","15","3","5","dynamics","performing","5_p_stim_d.png"
"5","27","10416","72","64","0","2","110","15","3","5","dynamics","performing","5_p_stim_d.png"
"6","28","10451","67","64","0","2","110","15","3","5","dynamics","performing","5_p_stim_d.png"
"7","30","10673","67","64","0","2","110","15","3","5","dynamics","performing","5_p_stim_d.png"
"8","32","10921","67","64","0","2","110","15","3","5","dynamics","performing","5_p_stim_d.png"
"9","35","11566","79","64","0","2","110","15","3","5","dynamics","performing","5_p_stim_d.png"
"10","37","11743","78","64","0","2","110","15","3","5","dynamics","performing","5_p_stim_d.png"
"11","38","11759","79","64","0","2","110","15","3","5","dynamics","performing","5_p_stim_d.png"
"12","40","11972","76","64","0","2","110","15","3","5","dynamics","performing","5_p_stim_d.png"
"13","43","12507","72","64","0","2","110","15","3","5","dynamics","performing","5_p_stim_d.png"
"14","44","12547","76","64","0","2","110","15","3","5","dynamics","performing","5_p_stim_d.png"
"15","47","12946","79","64","0","2","110","15","3","5","dynamics","performing","5_p_stim_d.png"
"16","48","12973","84","64","0","2","110","15","3","5","dynamics","performing","5_p_stim_d.png"
"17","51","13599","83","64","0","2","110","15","3","5","dynamics","performing","5_p_stim_d.png"
"18","52","13647","81","64","0","2","110","15","3","5","dynamics","performing","5_p_stim_d.png"
"19","54","13860","81","64","0","2","110","15","3","5","dynamics","performing","5_p_stim_d.png"
"20","56","14109","81","64","0","2","110","15","3","5","dynamics","performing","5_p_stim_d.png"
"21","59","NA","83","64","0","2","110","15","3","5","dynamics","performing","5_p_stim_d.png"
"22","60","NA","81","64","0","2","110","15","3","5","dynamics","performing","5_p_stim_d.png"
"23","63","14985","84","64","0","2","110","15","3","5","dynamics","performing","5_p_stim_d.png"
"24","64","15031","81","64","0","2","110","15","3","5","dynamics","performing","5_p_stim_d.png"
"25","67","15464","78","64","0","2","110","15","3","5","dynamics","performing","5_p_stim_d.png"
"26","68","15469","79","64","0","2","110","15","3","5","dynamics","performing","5_p_stim_d.png"
"27","70","16093","79","64","0","2","110","15","3","5","dynamics","performing","5_p_stim_d.png"
"28","72","16920","79","64","0","2","110","15","3","5","dynamics","performing","5_p_stim_d.png"
"29","74","17675","77","64","0","2","110","15","3","5","dynamics","performing","5_p_stim_d.png"
"30","77","18071","77","64","0","2","110","15","3","5","dynamics","performing","5_p_stim_d.png"
"31","78","18091","76","64","0","2","110","15","3","5","dynamics","performing","5_p_stim_d.png"
"32","81","18624","76","64","0","2","110","15","3","5","dynamics","performing","5_p_stim_d.png"
"33","82","19156","74","64","0","2","110","15","3","5","dynamics","performing","5_p_stim_d.png"
"34","85","20278","79","64","0","2","110","15","3","5","dynamics","performing","5_p_stim_d.png"
"35","87","20832","77","64","0","2","110","15","3","5","dynamics","performing","5_p_stim_d.png"
"36","88","20872","76","64","0","2","110","15","3","5","dynamics","performing","5_p_stim_d.png"
"37","90","21099","76","64","0","2","110","15","3","5","dynamics","performing","5_p_stim_d.png"
"38","92","21322","76","64","0","2","110","15","3","5","dynamics","performing","5_p_stim_d.png"
"39","94","21575","76","64","0","2","110","15","3","5","dynamics","performing","5_p_stim_d.png"
"40","97","22174","81","64","0","2","110","15","3","5","dynamics","performing","5_p_stim_d.png"
"41","98","22180","77","64","0","2","110","15","3","5","dynamics","performing","5_p_stim_d.png"
"42","101","22624","76","64","0","2","110","15","3","5","dynamics","performing","5_p_stim_d.png"
"43","102","22696","74","64","0","2","110","15","3","5","dynamics","performing","5_p_stim_d.png"
"44","105","23099","76","64","0","2","110","15","3","5","dynamics","performing","5_p_stim_d.png"
"45","106","23146","79","64","0","2","110","15","3","5","dynamics","performing","5_p_stim_d.png"
"46","109","23538","74","64","0","2","110","15","3","5","dynamics","performing","5_p_stim_d.png"
"47","110","23622","71","64","0","2","110","15","3","5","dynamics","performing","5_p_stim_d.png"
"48","112","23836","72","64","0","2","110","15","3","5","dynamics","performing","5_p_stim_d.png"
"49","114","24019","72","64","0","2","110","15","3","5","dynamics","performing","5_p_stim_d.png"
"50","116","24253","74","64","0","2","110","15","3","5","dynamics","performing","5_p_stim_d.png"
"51","118","24497","74","64","0","2","110","15","3","5","dynamics","performing","5_p_stim_d.png"
"52","120","25221","76","64","0","2","110","15","3","5","dynamics","performing","5_p_stim_d.png"
"53","122","25817","65","64","0","2","110","15","3","5","dynamics","performing","5_p_stim_d.png"
"54","125","26306","65","64","0","2","110","15","3","5","dynamics","performing","5_p_stim_d.png"
"55","126","26335","64","64","0","2","110","15","3","5","dynamics","performing","5_p_stim_d.png"
"56","129","26844","64","64","0","2","110","15","3","5","dynamics","performing","5_p_stim_d.png"
"57","130","27360","62","64","0","2","110","15","3","5","dynamics","performing","5_p_stim_d.png"
"58","132","27863","67","64","0","2","110","15","3","5","dynamics","performing","5_p_stim_d.png"
"59","135","28310","67","64","0","2","110","15","3","5","dynamics","performing","5_p_stim_d.png"
"60","136","28333","71","64","0","2","110","15","3","5","dynamics","performing","5_p_stim_d.png"
"61","139","28788","71","64","0","2","110","15","3","5","dynamics","performing","5_p_stim_d.png"
"62","140","28841","72","64","0","2","110","15","3","5","dynamics","performing","5_p_stim_d.png"
"64","145","29248","72","64","0","2","110","15","3","5","dynamics","performing","5_p_stim_d.png"
"65","146","29281","73","64","0","2","110","15","3","5","dynamics","performing","5_p_stim_d.png"
"66","149","29747","73","64","0","2","110","15","3","5","dynamics","performing","5_p_stim_d.png"
"67","151","30273","74","64","0","2","110","15","3","5","dynamics","performing","5_p_stim_d.png"
"68","152","30378","77","64","0","2","110","15","3","5","dynamics","performing","5_p_stim_d.png"
"69","155","31240","76","64","0","2","110","15","3","5","dynamics","performing","5_p_stim_d.png"
"70","156","31318","74","64","0","2","110","15","3","5","dynamics","performing","5_p_stim_d.png"
"71","159","32232","72","64","0","2","110","15","3","5","dynamics","performing","5_p_stim_d.png"
"72","160","32306","84","64","0","2","110","15","3","5","dynamics","performing","5_p_stim_d.png"
"73","162","33146","84","64","0","2","110","15","3","5","dynamics","performing","5_p_stim_d.png"
